{
    "Cincinnati": {
        "station": "GHCND:USW00093814",
        "state": "OH",
        "total_monthly_precipitation": {
            "1": 512,
            "2": 588,
            "3": 889,
            "4": 491,
            "5": 1439,
            "6": 1764,
            "7": 614,
            "8": 290,
            "9": 145,
            "10": 377,
            "11": 1762,
            "12": 450
        },
        "total_yearly_precipitation": 9321,
        "relative_monthly_precipitation": {
            "1": 0.05492972856989593,
            "2": 0.06308336015448986,
            "3": 0.09537603261452633,
            "4": 0.0526767514215213,
            "5": 0.15438257697671923,
            "6": 0.18925008046346958,
            "7": 0.06587276043342989,
            "8": 0.03111254157279262,
            "9": 0.01555627078639631,
            "10": 0.040446304044630406,
            "11": 0.18903551121124343,
            "12": 0.0482780817508851
        },
        "relative_yearly_precipitation": 0
    },
    "Seattle": {
        "station": "GHCND:US1WAKG0038",
        "state": "WA",
        "total_monthly_precipitation": {
            "1": 1693,
            "2": 730,
            "3": 870,
            "4": 752,
            "5": 924,
            "6": 601,
            "7": 54,
            "8": 104,
            "9": 996,
            "10": 908,
            "11": 1192,
            "12": 2356
        },
        "total_yearly_precipitation": 11180,
        "relative_monthly_precipitation": {
            "1": 0.15143112701252237,
            "2": 0.06529516994633273,
            "3": 0.0778175313059034,
            "4": 0.06726296958855098,
            "5": 0.08264758497316636,
            "6": 0.053756708407871195,
            "7": 0.00483005366726297,
            "8": 0.009302325581395349,
            "9": 0.089087656529517,
            "10": 0.081216457960644,
            "11": 0.10661896243291592,
            "12": 0.2107334525939177
        },
        "relative_yearly_precipitation": 0
    },
    "Maui": {
        "station": "GHCND:USC00513317",
        "state": "HI",
        "total_monthly_precipitation": {
            "1": 362,
            "2": 201,
            "3": 861,
            "4": 553,
            "5": 89,
            "6": 144,
            "7": 276,
            "8": 259,
            "9": 270,
            "10": 432,
            "11": 846,
            "12": 833
        },
        "total_yearly_precipitation": 5126,
        "relative_monthly_precipitation": {
            "1": 0.07062036675770582,
            "2": 0.03921186110027312,
            "3": 0.16796722590714008,
            "4": 0.10788138899726883,
            "5": 0.017362465860319937,
            "6": 0.02809207959422552,
            "7": 0.053843152555598905,
            "8": 0.050526726492391726,
            "9": 0.05267264923917284,
            "10": 0.08427623878267655,
            "11": 0.16504096761607492,
            "12": 0.16250487709715178
        },
        "relative_yearly_precipitation": 0
    },
    "San Diego": {
        "station": "GHCND:US1CASD0032",
        "state": "CA",
        "total_monthly_precipitation": {
            "1": 1323,
            "2": 853,
            "3": 144,
            "4": 481,
            "5": 5,
            "6": 3,
            "7": 34,
            "8": 0,
            "9": 14,
            "10": 617,
            "11": 394,
            "12": 1903
        },
        "total_yearly_precipitation": 5771,
        "relative_monthly_precipitation": {
            "1": 0.22924969675966037,
            "2": 0.1478080055449662,
            "3": 0.0249523479466297,
            "4": 0.08334777334950615,
            "5": 0.0008664009703690869,
            "6": 0.0005198405822214521,
            "7": 0.005891526598509791,
            "8": 0.0,
            "9": 0.002425922717033443,
            "10": 0.10691387974354531,
            "11": 0.06827239646508404,
            "12": 0.32975220932247445
        },
        "relative_yearly_precipitation": 0
    }
}